Country / territory of asylum/residence,Population type,Value_2016,Value_2017,Value_2018
Afghanistan,Asylum-seekers,16199102,610171022,*5101217139*
Afghanistan,Internally displaced persons,1797551,1837079,2106893
Afghanistan,Others of concern,114221,448032,489854
Afghanistan,Refugees (incl. refugee-like situations),33159737,34175893,34*72194*
Afghanistan,Returned IDPs,0,32649,73527
Afghanistan,Returned refugees,0,60545,16220
Albania,Asylum-seekers,2745511,11152215221111,*16*252828*8**44**
Albania,Others of concern,0,2719,76
Albania,Refugees (incl. refugee-like situations),1133172312141603414,1233123121416035144,12**125***14*586****
Albania,Stateless persons,4921,4460,4160
Algeria,Asylum-seekers,2524221939513311183411239315329212136,222852307542233248381386615821413157,5*3515216282***226*****1411180*2512112916***748511**237
Algeria,Refugees (incl. refugee-like situations),21473614401900001131162914015211155,214339164719000041311934140142118155,****4940355990000*1313*1955*40135**146510
Algeria,Returned refugees,1043,0,0
Angola,Asylum-seekers,194765938500581176759657914512681147815403111671670114971731780611,194765938500581176759657914512681147815403111671670114971731780611,*9476594049858*1767596579144*268**478*5402***671670*149717317796**
Angola,Refugees (incl. refugee-like situations),995101129444134181107111551230627331337428818414617,995101385164134181107111551230627331337428818414617,1874173707765**1716847**1643245012804132701915***
Angola,Returned refugees,10,0,0
Anguilla,Refugees (incl. refugee-like situations),1,1,0
Antigua and Barbuda,Asylum-seekers,0,1,*
Antigua and Barbuda,Refugees (incl. refugee-like situations),4,1,*
Argentina,Asylum-seekers,241051173161163553121118611510338780133261110134412324139119162113122821121854216341117815311391171712153111131184485821081,91118015713717604332518815833328364661111912951142459181141721931233111141415542412451129117595618261118411115921118238835,814187*79**10*610353715205*723**44712*9*6****138106***6*118596*11655*55****10*7***6814*25*32**106**861416*744***95***125*81014*103878
Argentina,Others of concern,181,34856621,410127152
Argentina,Refugees (incl. refugee-like situations),514187931526131235220623254252571311742333991814167122232211183145372191014123154728651651343371851357122111834165261512,514187831526131233220622254452551301742333891814166122232211183144372199142232547281051651342372251370122111944265671522,5141877***5*6***34*20621*5475253*30165***389*8***66*222322*6*18**4436**99*41*32545*8165170**4237235385****10106*161161715**
Armenia,Asylum-seekers,216219231120241,6219611121210236,13***54096***8*177*
Armenia,Refugees (incl. refugee-like situations),2046612832101711916111462631133,2034618311061111916111468031135,19616*8361083**19*7**14701***11520
Armenia,Stateless persons,512,773,848
Aruba,Asylum-seekers,13,217,9398
Aruba,Others of concern,0,0,15602
Aruba,Refugees (incl. refugee-like situations),1,1,0
Australia,Asylum-seekers,207737133932922158131033418484432981125436833343331125927132173784413177910612357113343513221329041783199389456615119875173992428523703831713152914834215793513532871661930221382616511031136426519010732014114911113632485172327662868314521881596348266318110,1795384332133314331857618156251020361485253406112102692833163230287267346212429139197123577143775230012587715633112311395811319210743766825133325862866178307243513359108539305319327271235121287372356152313336597303371064118257232733113043413519613441124582631108015837102290398128824117,16008521*1530*105019954*11*1713647565313157*9182832828010226*642616891326*6**113835845469912331823175121216717326164*116688281862505*10152238*2241049181299544054421526185456544515**107862661351922614514425135133016102*174116413570168687*271715316594213739415125428173
Australia,Refugees (incl. refugee-like situations),921715851145514139364411281554240121252153102155011812574141513281196133319338961283437205314110410613324649352935877423611310104150436571742178220017338446443911222998566182854321291089861378339171214257449146220203015126112039221838101021,10922159711950143497733112543542481311611531021560138128240615163212861332053888077404215531491071171431455435483799244891210104516274724011872182263449695139611937895564942392621291013947147733151712834547614651820292620011260947273610986,11932557**943*412957****2304*306013110**5*8*1564127*315400*516271176***25542310702491112**14910710513354055*5374710814787121010*55024*7432*201*15926*5061945419*194587547594484*6213010475*8*582**1613**732*603135822162928259**432749127348851
Australia,Stateless persons,0,52,132
Austria,Asylum-seekers,2978391001782116541386543155552225536469815519411621570316148917067421128425419211167704490102117123811072468101904119358137237139361510336122122172109203010123270716515145573152578195981281321821111349372884641291522144014646,242331351673221474554453149211331398912015151191248257891454734718221913112160034337805638882251715725146472184418523145288615165982134518112223911109314312418397122393759112919452942177011262316756120115,160931548462176*34*393*1827**21833718520*14**13021273118*58151601537**8390249057695287917347134148325112456516125242**994*7175419**16359*731329*1423280**15386*8254474*13537*116251740974*
Austria,Refugees (incl. refugee-like situations),2022010593185638717210239114498111315357124640412922153168215314626302813912442831163359855551046923125512317619415522599311151134161924240214023019141377319328811304163175841309581141506799721630131282723981933583322,2693982881692323162927611178211132559702334061311144318530331882555311421344193116314565741411621003024412316818806730663175113612177324071392701109113011942981326567112165143888112166778022232924113217232633081634322,331037781*50926518*9308*947011**61070221401122*1242208362218*47825139138******56*57728295117610730208***1051692713451**561132*141**422*35296*137994625*321142469499126*49179*1222086622*28282*77*922424007258**14
Austria,Stateless persons,937,1003,1062
Azerbaijan,Asylum-seekers,106114810215518825,7013828283,100**9974430***
Azerbaijan,Internally displaced persons,613129,612785,620422
Azerbaijan,Refugees (incl. refugee-like situations),562261132245011594,587125681634191568,636**435515*39215**9
Azerbaijan,Returned refugees,112635616,0,0
Azerbaijan,Stateless persons,3585,3585,3585
Bahamas,Asylum-seekers,12141,10142,12****7
Bahamas,Refugees (incl. refugee-like situations),19111,18111,**9**
Bahrain,Asylum-seekers,3956124,3956124,*48**
Bahrain,Refugees (incl. refugee-like situations),2511109,24619,253*9
Bangladesh,Asylum-seekers,1,321511051,***15*24*
Bangladesh,Refugees (incl. refugee-like situations),112761981132,119322042152,**906635****
Barbados,Asylum-seekers,2,21,**
Barbados,Refugees (incl. refugee-like situations),0,1,*
Belarus,Asylum-seekers,711131441326991781,2411111811113142552,31**5******5***133**
Belarus,Refugees (incl. refugee-like situations),227354661513212193117712118433,2093551559513212193118712169442,208*55*559613***9****6612*1804*23
Belarus,Stateless persons,6182,6007,6025
Belgium,Asylum-seekers,6457423681114293762656283910121216149106222398151721188086107921132771457831798822584290681411012291120284310511234146583363706413416127156355042718914511893890134481798198732882411112201351314295212,39151453852206535535652015404510151010516536066520805510551007535070155260258104551020540290202010403054015510451001301555135555513560702015555553520825420752103520536531055151665201055307152510195515220515445555,210512539517560325508515102530202510602054805752017080125570500502523525127555101052547015554510103012515125405165551095655101305115853551151022501066537021024540145370130555200530110553581030518510538554609555
Belgium,Refugees (incl. refugee-like situations),3201915341127754543076181450412141481197153404101531338612671465010001121164936269015116254492096040001322438226487139915603947270331136192061914313222215436117382558803317443526712801552908034176103375875020166132640750324311,3201915341127754543076181450412141481197153404101531338612671465010001121164936269015116254492096040001322438226487139915603947270331136192061914313222215436117382558803317443526712801552908034176103375875020166132640750324311,320191534*12775454307618145041**414811971534041015313386*267*46501000*121164936269015116*5*4920960400013*2438226487139915603947*70**113619206*914313222*15436117382558803*1744352671280155*90803417610*375875020166*32640750324***
Belgium,Stateless persons,2630,7695,7695
Belize,Asylum-seekers,1427531115151459,1447601115152052110,*5*453617***24**5*2201*
Belize,Others of concern,1709,2774,2774
Belize,Refugees (incl. refugee-like situations),0,0,*24
Benin,Asylum-seekers,1791111925135,11132201024714125121362818,**1581725266*****9****1834****
Benin,Refugees (incl. refugee-like situations),161716514175521,58481627411751511715,5915166*11***720*5****12*88
Benin,Returned refugees,3,0,0
Bolivia (Plurinational State of),Asylum-seekers,21,21,***21*****8***
Bolivia (Plurinational State of),Refugees (incl. refugee-like situations),18321195942111611135151511311,18321195942111611135151511311,*8**2139****16****515*5*21**
Bosnia and Herzegovina,Asylum-seekers,32632251218,921117242122122133051221131130,246*****1331665*78*8194115*66735**14
Bosnia and Herzegovina,Internally displaced persons,98324,98574,96830
Bosnia and Herzegovina,Others of concern,52437,48907,48907
Bosnia and Herzegovina,Refugees (incl. refugee-like situations),11151644232517215,1115120423214169155,***5120*******621515
Bosnia and Herzegovina,Returned refugees,37,0,0
Bosnia and Herzegovina,Stateless persons,49,65,90
Botswana,Asylum-seekers,133211111012,42211112918,341371553443
Botswana,Others of concern,661515543533,6231955427132,6*
Botswana,Refugees (incl. refugee-like situations),245571104392418111300222693,246841104392320121314221676,*50137*10***84620**303*20643
Botswana,Returned refugees,46,0,0
Brazil,Asylum-seekers,3424252821531245289341391221117662481338192822378132071223285652414911116221141256937625535922293690912129761434545242146975916832116113124814421242132358427299731486317231304726365281193725112831312092922332830866486144302632214,16547176224451253212189401741111382135642162252164332281614171536463024856111171186627448401645251322305869392156033116132819433233661383423015780273486117382735173414331123141535162137334631026614311660381257616059350132031110486334062447315231014452255431167153961865193212231538333535959,17847377**79**22*2442574732*****4043575*52337918049227341570173106969*5711141211562476379100*42*881732*6*23208623711576661418*7514*13890*770915936930181182**801196*1767304043***25508*33*423*8*70200**366316626*6264*165651204529**82893211529*16116606935724556*52512*5427058731**10119910826652338**81001*40*3786382510
Brazil,Others of concern,22930,438718470,39771
Brazil,Refugees (incl. refugee-like situations),981109111339131041513052134850126220128822147575717252210328061954125727941399259518866672211415236451284481131865141501046921259122925757113041354,99111211133913104153305213485613682012912215357573225261033866195812602878114062595188667422119162604512849011318711415213479212905230257510113041354,1211133*6*46**11*153*30521751611550201297**1995757392527103494621*58*764299*10**409259518*156678**133*1031545**8545*13187314158154792*3455*36*67514**35**5*
Brazil,Stateless persons,4,294,*
British Virgin Islands,Refugees (incl. refugee-like situations),0,1,*
Brunei Darussalam,Stateless persons,20524,20524,20863
Bulgaria,Asylum-seekers,7636144224313996533621314234417409226113443111051101114582234412196116101781692,752131218115337239101821311610461147312427262992012640742050381,58413**14*15**5*20**7***84362*7*****8*78726**215**840*28**
Bulgaria,Refugees (incl. refugee-like situations),17011811813271285132114681385725122381119149115027213311934101,169115184281283132124601221723233121116250116549212211959111,205*159***9**151313****641253724***20**16*50*17161*12***97812*
Bulgaria,Stateless persons,67,48,92
Burkina Faso,Asylum-seekers,110271373,143111,**35****
Burkina Faso,Internally displaced persons,0,2350,47029
Burkina Faso,Refugees (incl. refugee-like situations),32228452943132017151911616,3016746332623766123282141,28187*7332824710*20*83145
Burkina Faso,Returned refugees,134761,0,0
Burundi,Asylum-seekers,4275011185312,462737113793113,***4847****801*****
Burundi,Internally displaced persons,141221,57258,31908
Burundi,Others of concern,5626441113721,6866352114031,707643****31***
Burundi,Refugees (incl. refugee-like situations),1570551511375121161,1618671131142212312172,770941*14**479*23*21*11*
Burundi,Returned refugees,1117,70612,45536
Burundi,Stateless persons,974,974,974
Cabo Verde,Stateless persons,115,115,115
Cambodia,Asylum-seekers,111213218157,111311831,0
Cambodia,Refugees (incl. refugee-like situations),11519511132,11519511232,0
Cambodia,Returned refugees,3,0,0
Cambodia,Stateless persons,0,0,57444
Cameroon,Asylum-seekers,1183255962120122232917183351134232412443,12994744791431812329839153449117227134193263151,*252365338617822****174612***162*2039*19540199*6458980**
Cameroon,Internally displaced persons,198889,221695,668494
Cameroon,Others of concern,2211162,192145,6*136
Cameroon,Refugees (incl. refugee-like situations),45928360265517491311123297138870678568101231465171,4602488436852351111124297238531983279121151521171,*702746887053454**12***97**102287863941322156717*
Cameroon,Returned IDPs,18213,33662,67653
Cameroon,Returned refugees,61556626,1,0
Canada,Asylum-seekers,456432114792054170418410929026126511114113493246423621102713932546957372219391593307028244610143154613122205120614124191367562112428738715023059762886787519180103759821721926629613272168788141330183300851542735644135971526725144107685135473131432112951347015133431619213697963559642638039714611325269985191338212249117355154523134689,717267261112117414942459115255257828191691020813785629121972216892976688915671210011273184771036724030734865376334102510229727713255372911225102212802177097146356176710647890112552382951070155222411351040228405140868117105923101408892583635991515542756322119418819912310863111409126262229202197176609605256299483421665911480633034791381276717787318943241939691091059372074869411111142,76970923910352242**37389326481101098682129551381839273**831*144237815949114941693206**191321217227291101913455756141178959*920554936*3012932739676216217786334277046569525522262547858*631102705678453641734*20334795848325702*5*6103618*3813*145*24*469186113117*741304934830*213*29012418575*113*187998*1040222464269735210*4070876611178365*15*803439737228*4112019281215182981125073221167458307158668921622249
Canada,Refugees (incl. refugee-like situations),31778486334278877164171575092799132351133499135163144824864497356254975183724882282208691382958761093606111551806571470627231125726942373914136758515958721586774247312111441986242120218322981106453636713898825741828699684648122721581231641024812570361471242153735854406880356684564183161103129485522489101888491048190465228133767123012775126678566811345275723451121737514418016091324861077135116512859634111638639053261261,335699853352685941297202214549590513546194359516506416772557052718025310391816281804931583614202801512439059132921311651631601036112762984428291314645541486934204687429121191281219727921811893353112646361711401028658389111189674195120751511211638464314260191431515163236057480082455794971162529631254842217771219387710132778022381528721354130351288128696414153095242711017441313518928331475411126748172125313454413078564858281146,360313291139208397*42721941665951020141592313494194375200*26273517192251111618463007356*15767*7414*108381244435417642715*65190054103611345352446919181454540138699628271413524130145725383025207*933453*1734757171*45988558869113309943624*217715312619*345747163*5521160*1598182937659548383*611756072022494*129478*141120122169049363751173248146821559*3245*32213510047148*3558*458121145219*11118942411625591319763181119118765341776108967291018
Canada,Stateless persons,0,3790,3790
Cayman Islands,Asylum-seekers,24,26,25
Cayman Islands,Refugees (incl. refugee-like situations),11331,12431,*29**
Central African Rep.,Asylum-seekers,332466314131861,64728241111294262,*1130110***13**3710*5*
Central African Rep.,Internally displaced persons,411785,688700,640969
Central African Rep.,Refugees (incl. refugee-like situations),1317934708137314621141491216315,14249440251373218450211120493184715,1425912154713*79*199518***2573169521*5
Central African Rep.,Returned IDPs,0,89019,306246
Central African Rep.,Returned refugees,1331,78618,35182
Chad,Asylum-seekers,349151641126118191639,146935131614131362212919,*1490822**111413*231855*714**5
Chad,Internally displaced persons,124342,99983,165313
Chad,Others of concern,2000016718,200003613731241430,2000016718
Chad,Refugees (incl. refugee-like situations),1170223272579211521447777717312468821721,13117665341131692261332914959541173243271083926,*6102087*1030711**1124**17*64211310133366741085765
Chad,Returned refugees,1270337210,969,6351
Chile,Asylum-seekers,21341201225489010722836425141581117110123181519135260,1381251221447651649148231319253252522317221116123220423023158615,148**8*23****50693289170*27**105*3314***5***719**149**27365**3102*645*
Chile,Others of concern,0,844792208,2851221989
Chile,Refugees (incl. refugee-like situations),1312978105431818121451139492181435,1312168111731823111214511311491851311433,13***581218*1823*******511315**9*107*26*9432
China,Asylum-seekers,202105112149154126418121265841019269105799332235245171149,1827411121031533381110221196125114161154154691620232115138151184,23*6***1681513**12609**11**1624*10*1619*95311*104
China,Refugees (incl. refugee-like situations),314235771022013170982,8512512312121899142432150273,95*5****15**181310053*32150213**
"China, Hong Kong SAR",Asylum-seekers,0,3,0
"China, Hong Kong SAR",Refugees (incl. refugee-like situations),11212221412511022192752,11112315121182220211125,*11***5*5*6*21*8***2822***12
"China, Macao SAR",Asylum-seekers,131,131,**
Colombia,Asylum-seekers,3115212211251141913241,211251111121511141414697,****61****************5***836***2729*7
Colombia,Internally displaced persons,7410816,7677609,7816472
Colombia,Others of concern,0,68734,1171552
Colombia,Refugees (incl. refugee-like situations),82131171941713171822114211271131111781432,82131171941713171922114211271131111781612,9*****738*17***6*9***14****7***11117894*
Colombia,Returned refugees,0,194,23897
Colombia,Stateless persons,11,11,11
Congo,Asylum-seekers,779432229315997171659469292213526,77144388301018723871260251635221312283,7812*550732202737**8*101194**52958***1319335
Congo,Internally displaced persons,15303,107828,138000
Congo,Others of concern,15113101051120921334744321,1511314325138190133147751121,1481616975143885*****9010****
Congo,Refugees (incl. refugee-like situations),31796244743212284221692022334371,31898264033312316226169275263293711,3179424696**11285**55599130**1236**
Congo,Returned refugees,13171,5,*
Costa Rica,Asylum-seekers,4121174241935946713735174183363118674652121210441071261159177161118118821814,2612116263131916456572134195611743519129672521122107373107115211516203771191163438201113,1516***16**5**11*1916578981995*13*5859*14388445****1552270610511*****5*623107**12*265365201***
Costa Rica,Others of concern,0,0,24106
Costa Rica,Refugees (incl. refugee-like situations),21112233537712212587124461945821511191150178141269,21112323403791122126144124561946131511191166779171338,*******2258378******2515912*56*19456**15**19**7827917*344
Costa Rica,Stateless persons,127,71,82
Croatia,Asylum-seekers,1401514611172611691203711515432113211213,9331511132019217523119192532143177151023,21**19**4835**5*6**55**529*115*5*
Croatia,Others of concern,14518,8019,4376
Croatia,Refugees (incl. refugee-like situations),39151374123184183052312310321441211601335321,451513741233194114625231231033144122119416353241,53*5*37****721**22975*****1275155*26*39817*8**7*
Croatia,Returned refugees,0,44,9
Croatia,Stateless persons,2873,2873,2886
Cuba,Asylum-seekers,63711135,2149,***147**
Cuba,Others of concern,0,2,*
Cuba,Refugees (incl. refugee-like situations),452015851272613912,45201765126364317,42171345*17**64417
Cuba,Returned refugees,0,8,0
Curaçao,Asylum-seekers,367113,68621655,576***279
Curaçao,Others of concern,0,1,*25686
Curaçao,Refugees (incl. refugee-like situations),3567123,4561223,5365**35
Cyprus,Asylum-seekers,931911110732814983093231246916332420140792151283517623151264410743227336522065824433612621334165,61191222741315181873732332243922010151139408133216246332172544821022091052143014321136158544791114233491315,5*22**57515**82266112032***7706*12*476111758980266447*72*45936465*190207592187295*45*24*25652554***1111205*53089*14
Cyprus,Others of concern,6000,6000,6000
Cyprus,Refugees (incl. refugee-like situations),7261231513325171118888585131117515817303345112511821911791909684824675942631117429415631,12261231513432174118985358513211752385437434811251182191171219647641012414859527411193304156101,1426***15***59216**8110531085*****755089038**52**25*18**12*1712199777*13*24184596259***21030**5620*
Czech Rep.,Asylum-seekers,16353911598332508512145111211612291352136115133711517314172321831817,581731118155243322402123513618321313391833381161818694491,16**7432**16****2587**45**5821524*18*14*7**6*17*2353****8*820*24152*45151077*
Czech Rep.,Refugees (incl. refugee-like situations),234196693121116133641326214228214217103411721326199223421439143251604131201813191317152293651645184444993702011093,234196693121116133641326214228214217103411721326199223421439143251604131201813191317152293651645184444993702011093,46*2918**523220**8*61*13*16**8172*12014*147*19*14568*13148*11*109448**75*31872*1698*15**
Czech Rep.,Stateless persons,1502,1502,1502
Côte d'Ivoire,Asylum-seekers,6261893321024211231194118481111441511,1246111834192342112175119421843112395171112,****3492913*******54*9*******8*148*
Côte d'Ivoire,Others of concern,9109,1202145,*16*88
Côte d'Ivoire,Refugees (incl. refugee-like situations),241266105504860544382142164,34133211251149075447921122152041,34**462*12053****5**906*6*469***92*1520**
Côte d'Ivoire,Returned refugees,5,8304,2839
Côte d'Ivoire,Stateless persons,694000,692000,692000
Dem. Rep. of the Congo,Asylum-seekers,13524157111929111219164339611848221113,132251807172914191543118114817201641,1352961972629**1915***171**5242292016**
Dem. Rep. of the Congo,Internally displaced persons,2232900,4351376,4516865
Dem. Rep. of the Congo,Refugees (incl. refugee-like situations),49436332102489716763162450521501346667211324,4944445018191771661314220377151114889708325,490430101720115657**216986152*1495704**16
Dem. Rep. of the Congo,Returned IDPs,619600,255635,0
Dem. Rep. of the Congo,Returned refugees,298155176066,28,6628
Denmark,Asylum-seekers,15554413122123110410162311111535501012381173588811331136351157337141421301145723331111409249135441584312,76984729521211272162131621121510187441571016101668414219111962923212641246124522221127104431281028518212304343121722642,28415361668**18****171535**148322241458111081129517215*9*91328*5110*10***409*14*****64*7659149***292***1127*2346211229386***
Denmark,Refugees (incl. refugee-like situations),23642669546121676420125794148374580432132524259454365111251274814811375711039104517173141280418215135362692511249630428,266825705051220543171468743141640069434243253107661416511261171814511275819241029201771412923192211352427526112676304213,2750*57141***20***1614684****16461093******53253446**65**2511618*30*12564*92092317*71**1303*19698**5***742710269628**10
Denmark,Stateless persons,7610,7990,8236
Djibouti,Asylum-seekers,274972434115641,2178785044115641,****4789902***84**
Djibouti,Others of concern,15463,14345,0
Djibouti,Refugees (incl. refugee-like situations),322516141023513021133777,406527141023161310893468,3825101411****712660104694
Djibouti,Returned refugees,68,0,0
Dominican Rep.,Asylum-seekers,1019272811111115520,714334730111111116550,5*6185221***72
Dominican Rep.,Others of concern,0,0,26428
Dominican Rep.,Refugees (incl. refugee-like situations),41557313113,41557413113,**164***
Ecuador,Asylum-seekers,24542,63261112116362914110310153981141311717433313286141113111896512181115814141862121041,939*11**8*8*1735*10029*801010*5****10*10377****6***1911*8*9165*8**18908*6**6292***101*
Ecuador,Others of concern,0,41000,256265
Ecuador,Refugees (incl. refugee-like situations),1011611687,94261222211331221134661621214113433912122335113414141441231325280173033171392211164531450265,141*6**********12*6**50532212***11*****9**21*4161*****518*5*14**26**28*82*731***158*102***14*7*15**49976505
Ecuador,Returned refugees,46,0,0
Egypt,Asylum-seekers,21631611425492416182145601110637281632113130712331041124261306155818192801103643131095663711178648257416,22123141417424271919213199661177611015113238814311132214163352145618439103395483035229113871187325450048,23**435**2669*322423*11*1110212117941***264812*5**13**6*6343**50622231163576688519737**401*19565822257
Egypt,Refugees (incl. refugee-like situations),14221513953826115311392644362611829170027162113848233841253211601342114118236610,172411171135405312727267644275161931171700181817298332525247126688461241110238512,2027**221095455*43403814*434656*****18*70021719540*358877371328714712***11**10015
Egypt,Returned refugees,71,0,0
Egypt,Stateless persons,19,0,*
El Salvador,Asylum-seekers,1,31,**11*
El Salvador,Internally displaced persons,0,71500,71500
El Salvador,Others of concern,9800,4200,4700
El Salvador,Refugees (incl. refugee-like situations),251113153815,2141114153615,*****17*5*7*5
Eritrea,Asylum-seekers,8,0,0
Eritrea,Others of concern,16,19,21
Eritrea,Refugees (incl. refugee-like situations),236722448,306722869,267021488
Eritrea,Returned refugees,0,468,297
Estonia,Asylum-seekers,81139645213,42142156911161,****5**6**9
Estonia,Refugees (incl. refugee-like situations),2321372216128121452525447612218013,2311371257132121442624451511238812,8********256***22185146**64**
Estonia,Stateless persons,82585,80314,77877
Ethiopia,Asylum-seekers,632158711781241212261447794748115176,74225231821612429122614978349467115191,68***297*8139**429****6*4378440070***193
Ethiopia,Internally displaced persons,0,1078429,2615800
Ethiopia,Others of concern,325244012262,415043612252,452
Ethiopia,Refugees (incl. refugee-like situations),1574444381316554810332611139896242014338774912231423,1584530376316460510345911043892253779421373912181578,*62*552*79*173965103471*11440032571994221359**171698
Ethiopia,Returned refugees,0,3,16
Fiji,Asylum-seekers,11,44,7***
Fiji,Refugees (incl. refugee-like situations),71112,7112,***
Finland,Asylum-seekers,986562311284151525211012587423712113181192426327701112131613181151116843249958550381131116672524142538936111,32015429131031121661281411111121327632145111131110108210572114191613212158213643321382118861133141948222111252651231,187177**115*14*16*115619*881712*23*197*13***22810448*5*6**1413**********782623*597115*17273***26910837***8*176046**
Finland,Refugees (incl. refugee-like situations),221615042444131981624396139517881613183133431434552536141010211802678115131320419427113366363024421663581127792512936103304136416771518231314241021045289152941,2571139424351322313243901390158101513173135641444522129141110288777849213131931442710737626302321216126611276124138461032579652370512231454271026453921641391,2944111*435**22*13***125119113510****15*14840149*532030**13*58718523*131319512*2667376*630****160*70***73026*39*610331972824975****183*318*6*5414159182*
Finland,Stateless persons,2671,2749,2759
France,Asylum-seekers,41805765032111139910412207288728917171860977145944429878242917215137244127312847371358466235674162287197456111448412640471141423177731887112161543931725110001719129542511198522176023111155118932575002690140311912087171214943316311332907496362714184101498447,4314734422914323061952669245138310281790900292853528509611282509461241142430284011045543711394163178804431232822354159461142171013113024519146335963514921030304648652684418571671279917199117313422383280270512172294412394613184314310834343936189181866111,8085942501951778384211462313958*44833**8319644794928326710582114012856*139541310921097*774365*4342607610687171256*2026471521**1812412327173*12435792*183744918751666216228321935959**452880570189133*6*271*249236839491196*2711424832454***3352816248*225162851670394032651514421966
France,Refugees (incl. refugee-like situations),76853408356844117112926509271384611734406552436121112312683989288689715037325147255211602871942411534278423063420187954730115186823210903292171636334446652002480604351423531962951156641684113422932212432612383523432201213354222324874099518310171531653212811372882143670511571523228088704993951129252413154832115289911315697643152721061551091382122204880087766114330137,1342534284349441131129166073619351607164085514361211726426745413263104115697331748857511672762562491654268863768512171109823083516778825289632214166623497656213258072657142755310730611361776721135232540124110113847332222112334043813168642295320161916421012129139929821406813115115634280712113371094541382964133762732116212520139271964821129310727812016051221212379118638121832244,1853435415119*4197**2886834492365631701040995093815123296269581041991246164843519527583**17927*308*561790259805040573*714231793233513926428690032*1417105935675672232757813171631584123309111931216617140239721*23918933632319218*2435147733218944511541926*11*89252581411639315*1396940*146158982890121470013515805536401377840**113*15822160474364823*3261119691331715**21230478219126633842*46
France,Stateless persons,1370,1425,1493
Gabon,Asylum-seekers,852852945213313368716224,13,956******12*
Gabon,Refugees (incl. refugee-like situations),3828234887113281312103262645152,83823748611381326257015,538**7485***7**26*42115
Gabon,Returned refugees,0,3,0
Gambia,Asylum-seekers,0,41,155*6**6*29611
Gambia,Refugees (incl. refugee-like situations),1924191268117470120224,1885991267117557119323,13848***14***3709106*7
Gambia,Returned refugees,62,38,0
Georgia,Asylum-seekers,919161134301252481113131581621121151432,16292312236706915112372821113119403044224914113112350,37*1419***849**52318346******18*1421652724***85*10*17356
Georgia,Internally displaced persons,273765,278103,282381
Georgia,Refugees (incl. refugee-like situations),32818669116117265142531702731,36193463011622102596144541654133,*64334560**6**112356**428**617620
Georgia,Stateless persons,580,587,566
Germany,Asylum-seekers,12652229611258111585552624261253837332751622224448312613109311673201025107842448418218410408274423231154002927247230752983267503197734521817161220139934492725465646592346344123833925416202614452258182915238244021122106057170325191510931117454432362046046162422748124414134452171946711441330817411439201597316541155122311005273118278211247114856819817029463464231231045593765181177872110241,87321317483843903016788451271224239313189633591121128132118621432667718119103181111320517484303869053971922335467322185783883929411315106861717111787645672393364389121947127325134224148301169216081116914446628721258132436990271185521419319817351140617952541476211719253119422290704159240103446947106270833295947724432432592107611512923963221332072522616116146823314269,658383723146597262*619555*23719013411316665283*295*54**9722046299065510519516**68*2271295525895914246730**38*471717426167739129310*8*14*101913132140741954382540387*19364531047105128203631345149451310980181521982933152272717258851116161712147727**130613645*37*57*1118059159361843575*158269853440477***52396292108651901201**59914704211335314926125469246196792648735013288
Germany,Refugees (incl. refugee-like situations),4629274869910131336422312695344128485581145015282912316231180138518250314521736513958113173971310793002013228231441339428575622733164523232716269142661229108604526147182379117011926561448804606863829529298522164987867725446121734714311212142428451693925691954221665255197626935453338778799189218774413751224611182914834111061913610115355214580316131164792091029118552,1043858039832271420384333139067372589827311478179832121532242178158833959415942496711977772495241217984925317342301581850246216635587522483149311162591235123826213064033317463182895180165274531441390731379386342125768621360521683128310311333410443971221350896572382866692622163696020710519741307856311195089232598576414966748310812649050111602112034160631214110138012798574282781171177154,1260188461170*33142474**3643106582827067879*1473186632*22*3724*1701620520698165027666**9375233*85891321225533417*47801510156335492393899922349*64299172501337041150136463*412755382249918316730862741155710017323820**8712106*226692728542881301434*514556435*25*568974543933*63634***155811923913024361578673042235819155768768**5320659110742566684**1972403660197741*133107*18312369250312031809178204
Germany,Stateless persons,12017,13458,14779
Ghana,Asylum-seekers,14215850466014836212161510244392371749412229871,1511733885471216132511218414951303417215088323,13**90345127361716987*****8*19316*229*18*851183476**
Ghana,Refugees (incl. refugee-like situations),1031109645354351141117135811126133328877554814329969,10411076687641513611117120919261336299876263930342559,12**11765856467697*11*8735*92614364138863615731343159
Ghana,Returned refugees,53215,1,0
Greece,Asylum-seekers,42171470623191181296111261187431511994914413740140928659626268137332111019827793135103161082101021224433148221313380230406724524327353873378041139978321811334144109412957673211,692211220919911142016182351246134153290797709811303286851917202239857410622181183415811405436112751021080314582754011461611915238126377051662233437249426194913960515255167092299342514242483109111,13533103593103**22**532311**11*105*59057970169997*985*2367712843026225*11*170020021658****163229619359066*3871261996487534541*68465*20**274***1389868*91242676*8750108*668914141041098**1153491310531175534222693563180*15
Greece,Refugees (incl. refugee-like situations),114404146114714220517214660941353724391594031208266444823121122769381612432821624396111220154123715907155107237246286262267114420166146101811213720770665714,4751415011318142445192156681513046137621918642296226649632512412271059447328328242302294010711239304942653726760611853984932733522711371426161991321134147335820415814,9291515611*30152735*12**7177278549966*8862649357363*267528728***8152915328828*19*28*8541*394415013*475053*52851090271290121074435240106642213*23931*14519472132414516654718205369*6
Greece,Stateless persons,198,198,198
Grenada,Asylum-seekers,0,21,**
Grenada,Refugees (incl. refugee-like situations),1,11,**
Guatemala,Asylum-seekers,11,18111218,**58339791*17
Guatemala,Others of concern,23900,62200,110600
Guatemala,Refugees (incl. refugee-like situations),16233110015016,218236111002206110,**8*39**100*216*17
Guinea,Asylum-seekers,133112131245,331193411222,10*1249***1502*
Guinea,Refugees (incl. refugee-like situations),4344504232958317101691171,437453930229886171020261181,*3735973812730287*7102456**8*
Guinea,Returned refugees,248,5,0
Guinea-Bissau,Asylum-seekers,1121173223,11611124,***6***5**5
Guinea-Bissau,Refugees (incl. refugee-like situations),11165310558374221811,11155310653100611211072,115*151065*370712*1072
Guyana,Asylum-seekers,0,1121,**12**
Guyana,Others of concern,0,0,*36400
Guyana,Refugees (incl. refugee-like situations),74,734,78**
Haiti,Asylum-seekers,2111,2111,***
Haiti,Refugees (incl. refugee-like situations),311,311,***5
Haiti,Returned refugees,0,2,0
Haiti,Stateless persons,2302,2302,2992
Honduras,Asylum-seekers,10,2112,55*
Honduras,Internally displaced persons,174000,174000,174000
Honduras,Others of concern,4800,3200,5200
Honduras,Refugees (incl. refugee-like situations),13651,136114,**6116
Hungary,Asylum-seekers,139212716131741978207227128129396151898431511111913421185786484103292,24111229212341365111461211214332731471084129,68***822*7**5**
Hungary,Refugees (incl. refugee-like situations),10085247131811715342211127511514493161565411246632117241224331352115582303616923644375841736161928176897144,14125214716191151535211312801151348336275414259822117261223331254115587361682365156925183416192776925174,15525**4816*9**515422214**82*151348376275*176672****7*712*******5711609336*68**65556971*834*719*77694218*
Hungary,Stateless persons,135,139,144
Iceland,Asylum-seekers,21373112113823316144313921121,6191556121126168611111664112418101114312862441715451217113,29******7***9***5**3396****5*828**29*26*129****44530**9**22*7**
Iceland,Refugees (incl. refugee-like situations),1234132911125643424132229227337112182,44612321112421133703335324226211101112813358211151812,586********10*****46146**********6*181810**1225*587****111771012*
Iceland,Stateless persons,131,85,69
India,Asylum-seekers,425543825326411221014367717431810243202333512261041530,5743138194012216301131111613152871432697317141461934,7864***7914114*51222*30100****7*2064**7*653308517**8***76*1134
India,Refugees (incl. refugee-like situations),76931211100987150113821653631136316231556116833785542654,775812110800854912920573442618423218089175338966468714,6984**108008543*152053277*60802**18813*73**78608583**
India,Returned refugees,119121110463131,0,0
Indonesia,Asylum-seekers,277561683115940183417312212412213202572141131219711067272529395211942389838111511170,2084728813611421215251004319123323221914413174912429451114149543271138211251,163579**5910**61318650**41251**35*114**29*6880*33818**41***249
Indonesia,Refugees (incl. refugee-like situations),4379192314236412463741034388733535019654830111,54771191241432143239560211263897663723882661197635211876,6098**12**51639160308587*10**14409713340367**400**113929**20105
Indonesia,Returned refugees,225233,0,0
Iran (Islamic Rep. of),Asylum-seekers,784,84,33
Iran (Islamic Rep. of),Refugees (incl. refugee-like situations),951142282688107,951142282688107,951142282688107
Iran (Islamic Rep. of),Returned refugees,2298128,6,8
Iraq,Asylum-seekers,133111122843134577621846871959715813645281115,107123922314363173261315445113618890814651911384,66*20*2424**6602**101745*26*140*582251465936**114
Iraq,Internally displaced persons,3604285,2615988,1802832
Iraq,Others of concern,612662135563641079932411,0,*6*******
Iraq,Refugees (incl. refugee-like situations),11375459177036222308361569224,1142714391786564224705715514,12**70269*7944856*25252615405
Iraq,Returned IDPs,1397016,1546586,944958
Iraq,Returned refugees,0,872,63
Iraq,Stateless persons,48200,47630,47515
Ireland,Asylum-seekers,11613382218522112183321011672417453142125691345423292811380114619484619510714143236184151241114758213211022342331211611361852214701230827691684336,180206359111128061711591220657352446319741910367474532982898512479126657411322610611011139177161504151940552631463473242261113814145212668142732392286513,148248867*7*298**734146*26*8511532788**2206832*20*64864*6*6**11641103****149*218*68*15*35710*915*5017625*556823*10005*4634*760*39*6827*1867*8*14147225310*612214663477652
Ireland,Refugees (incl. refugee-like situations),222237741115233125114448291952188438518822186130474270261841414131420426135564461323226192810528106473643324423116811390154659183153148020115243237212213940108247774514229,230236781115253130114437210195419853961862218912948427026174121414135491427135564461323255202810528964637513244211721149415966101881532480200157183372122149421102411774514252,28950919616*34**227*10**54147330216*43194732662214*******1263425**1944*4751315021*655**88****875***255*185*77870379159*22*20558132126*17***634781729*7855*319
Ireland,Stateless persons,99,99,99
Israel,Asylum-seekers,11677,22911312121172310532320189282321245531897347240332114395113144172256631426638831217258222980514437231398811150261150711302402495,*5146****4006*185516432162910814129779*838248845028**9735**1868464**10046*651523*38984429**452971*463114121026**7*190977857*455*7336716
Israel,Refugees (incl. refugee-like situations),21141208227812936922111141314647312712271,2111412092220108961012211141311318731262221,******209**1451695**610*******5****3351*127****205*
Israel,Stateless persons,42,42,42
Italy,Asylum-seekers,192643953635101886245695113076824921878549713891118268711551983207327683125511617938174380630254482542151427110219821314275218257129114022811265020115561223922980915011339137108322661313445683493111715015115548705041312356111225447118722033522,322288003132611510261143118209241213631172278297461142929961441393303847154414169139681857026036975712111176105701127671684837236156517174116514615026045983190138736610722351424831860379676515621186422181374923426191354611442169928481258130841169617210398182254839691744538411915134211,825161097*1122237*1134956116**133398203***43**68445436157113093523345*166*351652179613426225*171235289448313600415715249*610392741011**15*836104**4422536764017227572716614806141253797*3321734945*12710501640166*212052326114924984*651257683080427*11979740556**70559210174164***1104*5466
Italy,Refugees (incl. refugee-like situations),1603344458288173181759144077456839146421751915558059705064563681221741191652216721004941557262593769233477235241516191891401756426441266132631634967360372714771311951871132733756333194143581424711781341256152279219815620034762458291114336288561826134251089283454226222466372044867916125174329,171713553832891621922810145671416183413100219018166641213485564253531221951117186311995794051309229329486133871027370914164218920518285359732718138254343133208375171746100185561320634814334216314431180261495115966702923954208137166561975396741156411128618361844896328346012456266749471461777191353113824,1694131684*7319*742426911218438**6573813149**103*818471741802589421450**6207**20199332289697551271*37510572345711254987014*5116189*322190761747*35*2111886**83283581142530*107610022567150034384**34718***5732231918*114**18249*9867*61049*2691211157976447171631*13373118112794652456932*11*5672249729705861**1856381714371418*25
Italy,Stateless persons,701,715,732
Jamaica,Asylum-seekers,18,18,*813
Jamaica,Refugees (incl. refugee-like situations),18114,18114,*8***
Japan,Asylum-seekers,694281051611726833144101752178216541446751202552374548462051,104953521833026131257307108535492241703284520101752981415215529491602490840,29040
Japan,Refugees (incl. refugee-like situations),498276817722181359182234155613929239,518276917723171359146934155663929261,55927731720281713531125341556939*10284
Japan,Stateless persons,626,585,709
Jordan,Asylum-seekers,924272991734428427786123298116561021261642041038147321432482712945524,9238111756416427374318852126210611839152213118620814693163437203208171116989514,10*513*******86762458*12*7*33384**30*110*2181519**1095*2212**22213482*146*1072510218*18**176138355
Jordan,Others of concern,0,0,135531
Jordan,Refugees (incl. refugee-like situations),891112692161733118316511412522226261164883681211180,8101113792581734037627511512525676451265303181211494,8*9***1052910*734626*109307**5*25278868011676283*9***642
Kazakhstan,Asylum-seekers,87161221811,164161123121,16411*14**
Kazakhstan,Refugees (incl. refugee-like situations),5996112191231,5616121711181,538**15**15*
Kazakhstan,Returned refugees,3,1,0
Kazakhstan,Stateless persons,8451,8138,7690
Kenya,Asylum-seekers,6674415615159894915098173111061749102644313211412507125133912813,361092616918217691091163910007123141163106627086126541027112281856157115,10**8448*56471671994*910999584**********16**1092*6524*48228311*59281569213*7
Kenya,Refugees (incl. refugee-like situations),81717213328232110811906441033101720286332444887141139631242,8119022139412611702178734973915762922428169211151029626682,8*4872**2458659**70718115*9769*6483582*252498115202*1184366*
Kenya,Returned refugees,3337926,0,0
Kenya,Stateless persons,20000,18500,18500
Kuwait,Asylum-seekers,51823710126552511123431629622441610,5182411832856361112451941923149,5182911832836*6**12**17434*50*9
Kuwait,Others of concern,0,0,16
Kuwait,Refugees (incl. refugee-like situations),294203512154215020,12932821227444,**9351**22873*
Kuwait,Stateless persons,93000,92000,92000
Kyrgyzstan,Asylum-seekers,7213116611325,463124139162,34******14*31610
Kyrgyzstan,Others of concern,0,1,*
Kyrgyzstan,Refugees (incl. refugee-like situations),242216621412,23612116921712,223****77**19*
Kyrgyzstan,Stateless persons,2334,855,548
Latvia,Asylum-seekers,10443312551314789411,812112211194516,******75*****23****
Latvia,Refugees (incl. refugee-like situations),4457111251122233429323522171431112,58671112530223345210432352427393514112,676***537*23385*8***533*53845199*
Latvia,Stateless persons,242736,233571,224844
Lebanon,Asylum-seekers,713135166213139563551112811966331415393118261394642110111961159,713230817143141663939633417136124812111021319115305118716611822752104,7***5010**1333*12*24632486*128301397666199*139****92*626551060**10*5**9*137
Lebanon,Others of concern,1121151117501174113271575113129141315318352298223671357215,18115111741113513210146011361013131441518229522487104624,*5*8*114137****11752***7***221264**102033*10****
Lebanon,Refugees (incl. refugee-like situations),22245135212423264542521211121136951950100550311814,2227151662030233569532211211121110705193999212711815,1725***701739*25445829**9**5**13668184294418111818
Lesotho,Asylum-seekers,3,12811,36*
Lesotho,Refugees (incl. refugee-like situations),201511134,271512164,41*10*
Liberia,Asylum-seekers,119141,1111211393163,*13****7****
Liberia,Others of concern,1479,374,0
Liberia,Refugees (incl. refugee-like situations),1185521101113191111537622651,1110631101112191211522751,*9051*10****19****8*105**
Liberia,Returned refugees,190813,0,0
Libya,Asylum-seekers,1211121142004621154711321601179912176193665411,1121112124661744111652214221676366012253321890561126,11***85*72611157**648*****19849834*31061162317347*43
Libya,Internally displaced persons,174510,180937,170490
Libya,Refugees (incl. refugee-like situations),11144343722247522537962616414220,111443471242459122530362914325720,*10**50919199416*455595616155215
Libya,Returned IDPs,449840,149883,43681
Libya,Returned refugees,9,0,0
Liechtenstein,Asylum-seekers,752139123326432193121,2612321245417112336151,***56***9*6*10****109*
Liechtenstein,Refugees (incl. refugee-like situations),82111191374736235,418227111372836325,**8*28**12*72836325
Lithuania,Asylum-seekers,1511662125145213,9195182111171366052341521,20618*5****1323121457*461070127*
Lithuania,Refugees (incl. refugee-like situations),19933331513111336382194562422231560151911,212312351513138336572210556362236212414631613511,222*1335*5***40**659**105565922435*53276416*35**
Lithuania,Stateless persons,3466,3193,3039
Luxembourg,Asylum-seekers,2321160511561417171813851281494411652183474311141113328521439411891172721133414243133811182,706555151010102050102452554052055552005510555105101510255158022555453040105,1152510551020202040103002540405401155551050510101555205156010203016010604020102010
Luxembourg,Refugees (incl. refugee-like situations),4315826152127731461238511579434106148280125512512181110131233192214426568625154242161146,4315826152127731461238511579434106148280125512512181110131233192214426568625154242161146,431582615***77***612385**57943*106148280**55**5**18**10**123319***44265686*5*5*24**6**46
Luxembourg,Stateless persons,83,83,83
Madagascar,Asylum-seekers,3111312312,1191112412023,***9******35******2021
Madagascar,Refugees (incl. refugee-like situations),121112110,421112122,****12**22
Malawi,Asylum-seekers,47383973223134962991126138,54903137262311336733071432387,558913780*44**3597*48486137
Malawi,Others of concern,0,91348,9*311
Malawi,Refugees (incl. refugee-like situations),1642254445224315221,164925334519434621,2514**91875201750**
Malawi,Returned refugees,165755,0,0
Malaysia,Asylum-seekers,454116319311314585179322573941193131610901048352911657335262112129781398821643911631,798131761526123211172131772009673311225106511033656134269348162163123142281937531612142287,1070**1071467***25107*11157170966***1325797**26448114310*531**171401872272407***6792769*
Malaysia,Others of concern,80000,80000,80000
Malaysia,Refugees (incl. refugee-like situations),2521181283122433117792204722160151061120138703666261915245435637293458182211513,38927115311243815188311874525711610297413980414910921823636838164372242182763,647*31*27****8*10*5*926*210458672*610*942***114227*9163818226*102*10451142128**9*163*
Malaysia,Stateless persons,10931,10068,9631
Maldives,Returned refugees,0,0,*
Mali,Asylum-seekers,13412436115,54584436461,72240646*69****9*33085
Mali,Internally displaced persons,36690,38172,120298
Mali,Refugees (incl. refugee-like situations),8986923204341152981411117141,780961423324115319791141,7845785458323424**15319102489*14*
Mali,Returned IDPs,35986,23240,0
Mali,Returned refugees,99,5076,6677
Malta,Asylum-seekers,724513161552922821222227311105113311941145412112336472,622321911213141223411372234512325716751134171135222433742513516683312,*****108**536*8**730473212922625***6****297717928***21304646*186228*168**37089914*43**61**
Malta,Refugees (incl. refugee-like situations),1891510931678121503522312274521132130726416182151551211813117246221668322124109235615,1189115109317478216135223112287231162459727417110715168122187331730722128963212412024116151,***99*171110**74784174*8*27***2978***62688729*18*124*577018*194**177072214978**125136*511615**
Malta,Stateless persons,0,11,11
Mauritania,Asylum-seekers,7176672574111529111471411715285972120410,7670644622813313245523144231270261265423341121817112,8**916854210145*101001035**23*627775341758326**47*40*24*12
Mauritania,Refugees (incl. refugee-like situations),1452826145042600168141211466441644212531541733134,1455526944792600168238211498291740112701546433034,*558*259*438*2600169**24*7*557851129*1157*5332*24*
Mauritania,Returned refugees,268162788,0,0
Mauritius,Asylum-seekers,14,0,*
Mauritius,Refugees (incl. refugee-like situations),0,3,11*
Mexico,Asylum-seekers,6619311116957331201710221265124102256113151104113935461151147643312114116,681105213236810101375244110182213810114292983429114161311101411415749321111152418123132416431833,****6*5****5**71865215**8*14***2891039*10569388******4415*161074**7**9**4527******15**33552321*
Mexico,Others of concern,0,0,41189222424210419562
Mexico,Refugees (incl. refugee-like situations),2381141212541670182764791237751509212618011027422111192125266111371812236612236612781,238114121254186819284699124777162728951791113642211119212528711137191233321223792118531,**8*******5*63203117912**5757**8474656187*123843***24**20**301009*12**730***5155**287187472112*
Mexico,Stateless persons,13,13,13
Micronesia (Federated States of),Refugees (incl. refugee-like situations),4,0,0
Monaco,Refugees (incl. refugee-like situations),32,25,25
Mongolia,Asylum-seekers,12,3,**
Mongolia,Others of concern,2,5,5
Mongolia,Refugees (incl. refugee-like situations),431,411,***
Mongolia,Stateless persons,14,17,17
Montenegro,Asylum-seekers,212231110151241211411,481115112317121473122,*19**1272420*226**47***
Montenegro,Others of concern,11451,11703,12293
Montenegro,Refugees (incl. refugee-like situations),38172418831028,2937114117292210,20*8*105***658**11
Montenegro,Returned refugees,1117,0,0
Montenegro,Stateless persons,3237,145,145
Morocco,Asylum-seekers,14713748277473238731221111523527311811461230133241031121312371043171,25155622625351406254121121503791011172357814163727710440426939,***67312034471054575***539355*****10235*69*5*193*9777419*511*15**
Morocco,Refugees (incl. refugee-like situations),2211111731292651761241263113741614385514353242212485,321112431311791781652123131150143216139571557222953312517,******408*320100183206*9*35*153*53519**12984107981593506***752
Morocco,Returned refugees,2,0,0
Mozambique,Asylum-seekers,45434125095151124121450911817113,16770315685914111845226381712444115,*71765668816*16*5115**316216*3997**31
Mozambique,Internally displaced persons,15128,15128,0
Mozambique,Refugees (incl. refugee-like situations),2991272911278721452,2982294012476641597,*1032290715*7773*161*
Mozambique,Returned IDPs,0,0,8845
Mozambique,Returned refugees,7,6231,8845
Myanmar,Internally displaced persons,375016,353108,370305
Myanmar,Returned IDPs,1346,684,379
Myanmar,Returned refugees,0,2,95
Myanmar,Stateless persons,925939,495939,495939
Namibia,Asylum-seekers,14921413342131141211146561176185,154215156521211422293666111410188,8718121320****521***548
Namibia,Others of concern,4713611,711,7**
Namibia,Refugees (incl. refugee-like situations),22926132222611122915148,27526166632711145925164,246*51942*****1275****54
Namibia,Returned refugees,0,18,106
Nauru,Asylum-seekers,7414181133344436144281,3382628292211,53351120313*551351426*9*19
Nauru,Refugees (incl. refugee-like situations),4141131911910543711360278,8192113113164341410111543120135665,819****1131643*14101115**120135665
Nepal,Asylum-seekers,257391,1124124164,**3417*
Nepal,Others of concern,264585,2353828,214328*
Nepal,Refugees (incl. refugee-like situations),591211213352221502571713509,57127422252201902282413509,55106626*5*203322182913509
Netherlands,Asylum-seekers,16728791805955712259113992415357239136192606118231576876151813491399410121567846122243939382111314363969121231219322123641061431652819748129872621468522410846439152720525686818,41351579783055525413202714177192107295703611102687551839811287123231807012751249626991161938766686514183029553324653471442,5385243711355201111222514213616325109765454623179156556192181949117435202543272291222937720250391327145196581331687193276410901293114128561976399
Netherlands,Refugees (incl. refugee-like situations),579187854573173976144323473119017111404039036052269152081991348865753673142217117424412740217419149392731533321473357063442119803243837414296136739219551713118713759306022165126812839455037340192321650432198952642457793841,620558854162532366144025611185171115331480271484451418821814713597446719381171647571136921821814139211753333782956894442116732240737463031294428194816827467137903051621547830130851537343561852016526231644542328502501836,62675165399235141514408551152*7*11062587118342829191682421493152443662734**7*649189259*18916*40381917*33366428063544***16567*387*7*6303*239479*946162284541381930437*1401125*32092*2934*7516844*653123642*54063212376*830
Netherlands,Stateless persons,1951,1951,1951
New Zealand,Asylum-seekers,572647164111118365551211681434410413714109185,20192168161131751125113911161133212271532421223131110911,**10**77*7*8******3415****31****9**16****720****7*5***164*56
New Zealand,Refugees (incl. refugee-like situations),4116232131444342411762758288241641463211251721691444161527633145149941856121383128224021034,42172421315343424117628792985615913218112172228144412152557315615974176521433128229531032,47724***192***26*175287102885814494*8*****7*2262***7*5*561***1619*605*1668**53****9*38681023
Nicaragua,Asylum-seekers,3335293,23483541,**26100*
Nicaragua,Others of concern,1,1,**20*337**
Nicaragua,Refugees (incl. refugee-like situations),161151107421220,161151107421217,6*15*974**217
Nicaragua,Stateless persons,1,0,0
Niger,Asylum-seekers,141154121,231561011324122171292665,*9198514**29780*15*637135916872008*8589*
Niger,Internally displaced persons,121391,129015,156136
Niger,Others of concern,14678,14820,257311411
Niger,Refugees (incl. refugee-like situations),167556733162660154105501269971652,1655137531626568381084701899171652,**5936774*49348*6*755540118868181952*11165**
Niger,Returned IDPs,0,5867,24727
Niger,Returned refugees,12445,0,0
Nigeria,Asylum-seekers,492515202153537146111147271611,186188050216398525313511312602122,*19019271212*575**9**33****575352232
Nigeria,Internally displaced persons,2219272,1704080,2167924
Nigeria,Refugees (incl. refugee-like situations),51166118295714227317521219221378147211887720,51403122955994256131715212192213781482115487201391,5*43212332751624*296**175****9**137610*49212248720162*
Nigeria,Returned IDPs,689906,381780,176155
Nigeria,Returned refugees,1311,282761,*
Norway,Asylum-seekers,2453416379111722133414825111117474405225811115582112719557116224361336326111137485170253943636861110851359511110166129454144,618114114512219414141294422227114231126353321717131446811133118511191314211743131738953632971442141,194537****15***12512*8****612668*******178140**55***78*9**66****161313*5**53**32*768**235***5745*812*1123*99*9**
Norway,Refugees (incl. refugee-like situations),656848171105298141013172237652272724181572215615062226795601531742119198328551411211525128401848277304814944122183111114812715787011965211518379422411537482167310431209324548347646200220,64903527124674151013763760723262127177212581545621253854154175114203625641191391912834166221829481304422178110996549984531961211517527199013111498442118320031199324045336746231214,60651419*2763*88**659415251816107*859152461951*85117**75**1966198911711617**26145817127*8128****166*7966**7663661938**12*71838514*13914***68*249*11610*2087423001235*14
Norway,Stateless persons,3251,3282,2809
Oman,Asylum-seekers,1354461,1387461,254**
Oman,Refugees (incl. refugee-like situations),30917,30117,298*7
Pakistan,Asylum-seekers,444711177111973613,3241117711142248,5012**197**31*15651*31
Pakistan,Internally displaced persons,448956,174354,96384
Pakistan,Refugees (incl. refugee-like situations),135216021711249212317711214131624,1392610121711248211212271232296611113,1403521**22***382222217*18129611**128
Pakistan,Returned IDPs,704370,281640,83454
Pakistan,Returned refugees,381275,17,12
Palau,Asylum-seekers,3,0,0
Palau,Refugees (incl. refugee-like situations),1,0,0
Panama,Asylum-seekers,87183143621688170387391236611271211377361614179810361695,6771183153712150689293398285671211366301615110141031114113687,66*18**6*5*1796*174028*1939*144655*7**8**353291145**130610312****5068
Panama,Others of concern,0,48900,94400
Panama,Refugees (incl. refugee-like situations),111378521561421118412212131933124110173232214327312121302,3113785216602120412212231933123110173232214330212121332,****785*1691*120****12**19******1017323*****342******46*
Panama,Stateless persons,2,2,*
Papua New Guinea,Asylum-seekers,2171111,0,7*5124*******
Papua New Guinea,Refugees (incl. refugee-like situations),2821193684991321891116,1172019368156471211967539179,11820*936815947*21*967539*79
Paraguay,Asylum-seekers,101211,11611313612613,***231****5*21*79*
Paraguay,Others of concern,0,0,803
Paraguay,Refugees (incl. refugee-like situations),1713566116181151456,1713565116181153456,17*35*81**6**8**63*346
Peru,Asylum-seekers,1112313122039092251177311171212613122812841736213553213,11415217242337696211026151611923121117221112914133172321022251363221136062322,*11**12***68***9780*2254*356912****573*********6*******912511827*11*8**5*7**44****227325*38*
Peru,Others of concern,0,31224,428214
Peru,Refugees (incl. refugee-like situations),11725292152591541111341223414766101722111161434116114264321114114711211,12025292452604577111351323414866101722111161435116114264381115124911211,*20*5*12**135*623676**165******69661017*****16***37*16****644455**16*735*****
Peru,Returned refugees,0,1,0
Philippines,Asylum-seekers,2145741312161821111537632140111311681,5231415141621297212311102592536401112116101,6***52212*5**109*10****10126**10113337****812*
Philippines,Internally displaced persons,87418,311943,77650
Philippines,Others of concern,68,68,68
Philippines,Refugees (incl. refugee-like situations),12191211611631573941152010114245116151751221221,131110231825116416646141520104177481193525742111015321,14**13**524126*17**6952**6**520105*9155*197629105***23*8*10*
Philippines,Returned IDPs,255626,318483,445655
Philippines,Returned refugees,11,0,0
Philippines,Stateless persons,4636,2678,1068
Poland,Asylum-seekers,878126322121242411117921131022122244825453342218511118124413352016311312,7294223112222332912671311027311612420121181121882228333613811,1536**825**615**62***1727*2630*****520*2246**2095*37309**988
Poland,Refugees (incl. refugee-like situations),92771518211168361714502827132220825154321547231199714111498645431463483114321176114214158215,99781718714181056171456302723262292525452224912311191071811169950514314635121493211763692141158715,1107858199**18116717**6531*71*35255*64557*3149*****1910832**1798935****47*531*7342*436464*20*1698*9
Poland,Stateless persons,10825,10825,10825
Portugal,Asylum-seekers,112421254543273183110419172375183211215412212013002349953,1551555,5255555555515
Portugal,Refugees (incl. refugee-like situations),142233112033313552907155233935134331916114389281311271502419313723518261433281211,18223311178331363771611401331035133857161144892133112716024183137275130761433731211,16****111683213607585*1886**985937162*6*14419*13***2465**16**2372637156026***423*257**
Portugal,Stateless persons,14,14,14
Qatar,Asylum-seekers,9411091153,411031151,**7313*
Qatar,Refugees (incl. refugee-like situations),1361832,91371834,9138*834
Qatar,Stateless persons,1200,1200,1200
Rep. of Korea,Asylum-seekers,831181534832765239019162834122228626211133293946153992577211141148681163191030161245117497712762277228147411124421082029141214811189211911438812,73011110218413131111928135172473635512151458551713197205423161152268311176611514416412159713451143111358052255161831361683111168182781326473675181404422011117,3159****9*18845****1620322383175129*1115*102**29415210215**7*221657901882942281515363287215362*1022752311**1452*637*22615075592*2010206361649*6*59*1345216*82178507859*1508118**30815911
Rep. of Korea,Refugees (incl. refugee-like situations),3332690362916491514410151372635217582625418575413211038761127881111,373218983930184915194130614827235219583162921105865132112411221413311281501,38**3710843332057*62691477**5527755**1168**7328*105102*513**195*1177*9**34149*483*
Rep. of Korea,Stateless persons,197,197,197
Rep. of Moldova,Asylum-seekers,831112354341121110122911,82112261213221141618143,6**13***********11***328*7
Rep. of Moldova,Refugees (incl. refugee-like situations),19119413214262291221153821872217493,1811931311424211122115392047226095,18*19*******22*11****5*92137*1258105
Rep. of Moldova,Stateless persons,4776,4569,4451
Romania,Asylum-seekers,13113131221141153211,1111214132421512221110899941272124616111316711275161,7419*8********1588969*******6**47*5***150*397*59*
Romania,Refugees (incl. refugee-like situations),129222521024221191232173444631164426725222231633381591315312177523391851187,152526321024242372421953537311668067263621291540421181544321228225371113278,1555*7****8**24158***21597*6*939688***5**29**4253**716*60**229225*28*122338
Romania,Stateless persons,249,238,227
Russian Federation,Asylum-seekers,22626118369771127123011592101141145383111632183285324,167352110114381133110111978238394613031553151232251024,226*616****6****57****97****10**125**174*15*795*20*5*9
Russian Federation,Refugees (incl. refugee-like situations),7092119143151212126111172321142373461634791125113193382226232310021351,661211515314151102119811162421152562532123477191611130235412360037911754,789***12**5*****5*12*9*155**517**1020*6***30**57127****828257675146*70*22*92
Russian Federation,Returned refugees,41,8,32
Russian Federation,Stateless persons,90771,82148,75679
Rwanda,Asylum-seekers,1128232081112,111623148112,95318***
Rwanda,Others of concern,578142743442,7011690448421,10482120566***
Rwanda,Refugees (incl. refugee-like situations),1582886731475413715,5882098275054113714,868280770445***575*
Rwanda,Returned refugees,192,18110,3077
Saint Kitts and Nevis,Asylum-seekers,0,5,0
Saint Kitts and Nevis,Refugees (incl. refugee-like situations),0,0,*
Saint Lucia,Asylum-seekers,1,0,0
Saint Lucia,Refugees (incl. refugee-like situations),11,11,**
Samoa,Refugees (incl. refugee-like situations),3,3,*
Saudi Arabia,Asylum-seekers,14423108,141428133423,*14*6*24*13*206342
Saudi Arabia,Refugees (incl. refugee-like situations),14313175216191617,143232792416149619,14*313679*16*10396*27
Saudi Arabia,Stateless persons,70000,70000,70000
Senegal,Asylum-seekers,12255348830641299262110223231108335933311384182509243612111126921527961,12256344131042336275111023323211334293331139118752995364221111131821558888611,97**3881632316273*13****100327****63*6606144**7734*14252964***
Senegal,Refugees (incl. refugee-like situations),815224845123019912114966113683727421171,15528939123019912110446113779727412181,*1731710*10*14120*13*6
Senegal,Returned refugees,1,1,0
Serbia and Kosovo (S/RES/1244 (1999)),Asylum-seekers,70117411223411101201,491751115211241111191117121712,18*7*******134***9**6*16***
Serbia and Kosovo (S/RES/1244 (1999)),Internally displaced persons,219633,16406201047,199584
Serbia and Kosovo (S/RES/1244 (1999)),Refugees (incl. refugee-like situations),34499081253203463351353122315317471141150,2182118764253519038377513123212531731151186,1726*1348270****182321231288**42*5975**74**15248
Serbia and Kosovo (S/RES/1244 (1999)),Returned IDPs,477,87106,0
Serbia and Kosovo (S/RES/1244 (1999)),Returned refugees,6,355,6
Serbia and Kosovo (S/RES/1244 (1999)),Stateless persons,2373,2155,2052
Seychelles,Asylum-seekers,0,1,0
Seychelles,Refugees (incl. refugee-like situations),2,0,0
Sierra Leone,Asylum-seekers,1141,11,0
Sierra Leone,Refugees (incl. refugee-like situations),216548,1765318,17565*9
Singapore,Others of concern,1,1,*
Singapore,Stateless persons,0,0,1303
Sint Maarten (Dutch part),Asylum-seekers,52,1,0
Sint Maarten (Dutch part),Refugees (incl. refugee-like situations),3,5,5**
Slovakia,Asylum-seekers,38,26,17
Slovakia,Others of concern,441,44,0
Slovakia,Refugees (incl. refugee-like situations),28710214378232212213326217114105119015434211711,24624343128365171624025112820912331167373711314617124233169,2602434***8365*716*32*****28213*****673737**314614***23*16919
Slovakia,Stateless persons,1523,1523,1523
Slovenia,Asylum-seekers,93262271211341311492814321414371,4131582111121848122323112159240131,29********2423*****3515**11****14*8*723*21**6*
Slovenia,Refugees (incl. refugee-like situations),36182827157341912131363486511812132,411848561603919121111563486521513132,48*8*882*664219***12176*506529013****
Slovenia,Stateless persons,4,4,*
Solomon Islands,Asylum-seekers,0,0,**
Somalia,Asylum-seekers,3311134124002131217112249,43213163714456121333124711271,**12244016067******1214118*54
Somalia,Internally displaced persons,1562554,2116705,2648000
Somalia,Others of concern,10120,101145,250130*
Somalia,Refugees (incl. refugee-like situations),6436306031531451318297,61149360841541721110705,6**5039812119*206**12450
Somalia,Returned refugees,0,41479,87544
South Africa,Asylum-seekers,17243010162321257137225502596752531911374865153784614205321915592110311794131591868816272114561339613446352644611316931139611269052100492121311477842811212142380818041260,5865263661711691325378800127044948726014459109798727618948877999390283440146644586374119290,6171*264311341592332178694*998174934721314329*1072778523448617763*9834*9278463969*7**61445493462614261
South Africa,Refugees (incl. refugee-like situations),611298023284254403962615653941315419787177761116116121711115342258115234422133416217138111381115382028695118244412173655262674596,2530003194139226043526119241756215560381295112269774537549237644558,2530333194139226263527319431772615760381297112271134537549237644561
South Africa,Returned refugees,3162,0,0
South Sudan,Asylum-seekers,490287824231516011,2741134424182811,281*61899310930***
South Sudan,Internally displaced persons,1853924,1903953,1878153
South Sudan,Others of concern,0,10000,10000
South Sudan,Refugees (incl. refugee-like situations),21853144761184691241510432,318691496113245551261983211,*200615617*834203*269924***
South Sudan,Returned IDPs,752261,813,0
South Sudan,Returned refugees,3113176,2072,136155
Spain,Asylum-seekers,1151025101353010201255205201305390205205105207555120155400540151515125352256510454553553013025025155565205555385254010255102010705252355301582527510352530555145155160010155520405555551010443553555,1482147111733617201673425114714814402402839248211248311319111844842021531271232545246914016428713733140631971151510611109165051402215682114833786234734261332221131544642481553515011652041225521072311491154466132691246530321210512,19545955032545101095265554018511045600820106538026510385515615240121570655595201012452001080225457521536901565165150402020151013040145451060207520780520952012501380569015630565251010355513038580368575301023201530555100350104300353553162085535500105
Spain,Refugees (incl. refugee-like situations),235112193333318114911720191467511197905421196176652114312332138022822124106598591611423411232211595136125251465653820514312689291768792,287102233233120115914221193477410179894146142131760761223212352168831929106256241001121623052471123652186213925461176012117521453102368104412468212,3386*2946**20*139*7220193636210208885*48*15264195381217*22144217685324281062462410817321*3955***5215*392**1051154*52797682*13765145**25*5621472**67103*
Spain,Stateless persons,1011,1596,2455
Sri Lanka,Asylum-seekers,111511438116111,5821141435369,34***11**7676**
Sri Lanka,Internally displaced persons,39730,39322,35473
Sri Lanka,Refugees (incl. refugee-like situations),7510784479101811,133883560010114112,146*186335589*14*12
Sri Lanka,Returned IDPs,12445,408,3849
Sri Lanka,Returned refugees,0,1586,1421
State of Palestine,Returned refugees,0,0,*
Sudan,Asylum-seekers,857488123400088133232111721265015271675,867528125490192043232111761464395392561,856838*2464287517*23**11741967122619
Sudan,Internally displaced persons,2225557,1997022,1864195
Sudan,Others of concern,3758,8117136342241113817,5***653489*6***1537
Sudan,Refugees (incl. refugee-like situations),61315797601161031763663116125918429716869978502113811,115227775917108243427311612159208772715112407458113811,61669957154*171145456045*16***54432852080935023373***201013*
Sudan,Returned IDPs,0,386243,0
Sudan,Returned refugees,1,11674,1805
Suriname,Asylum-seekers,13811311,16231112,*15814***34
Suriname,Others of concern,1,11,**
Suriname,Refugees (incl. refugee-like situations),1,1129411,**30***6
Swaziland,Asylum-seekers,48121111422517711021,841221484523611911140111,103****21380*50**96*192***
Swaziland,Others of concern,12,0,0
Swaziland,Refugees (incl. refugee-like situations),1114911338243323213955267,11160113554243323215373267,11181**37214*9*****16891*67
Sweden,Asylum-seekers,3421719432113083317524333441261681861133246321747847901150114725181939612788213975334947152762121155234853958140512622823165821421212160110225307434255901110295984444652824365291523191347466472323423292717438905294117085851747281808611168104124055839294112572903711,178122938412813801016831241981543714111220662410173271541165113322121173849312102223622664215465162234133643116785611529021547813713595711616739736858881016313592543515592141433672619244216353323241233415923263896113531105196371981342529838784559229183786918613611,861428415*5271*510143*53455921243720**32691717412229294**4228**8716572768*870**604796215657**631***912954506027*5271*1796619055547820115507*3185549512333399**5*57124322*535*10724***574*692491420527282241611208***2353**19106710492066123445*15823146521340761228889
Sweden,Refugees (incl. refugee-like situations),165587335121593387424319324419152261877289112329871158326593147125202167113412596811572371735381139721891461315454863216933632445313931965620638194375738205817623195935212143483923201393111835882731925424470243170762254820711719691419121265255834134639203208866782111963192911028,25645383293147426852001532291615160134648821192826115232450304602521216683472715312005371335680147721891121315295867155243332344266931776235341340448382308155241640315121845109231914611173598363162838468414569782197314554611036141978581355270406692082061666822072622109911124,2820429331**413*648211*7*2301615119123598570*13282541659174632*49**22**606362276532360*712359761589*181013***162464851269329**294256961796255281239735**2408*5145153030014*10*5399**16*503107*5106059155437501075556894210321105616*10934322*6588538464669621520586855221096041343*1121
Sweden,Stateless persons,36036,35101,31819
Switzerland,Asylum-seekers,7761418419340228114712328426511727715442621614044734451866114715239602231111189420792217131028134129618491278161271870711715412024261152291911333212402211238581132815355941611331131254994216,562042541048533371981232132641369691435393711483445263671225420150501611111379051394210927118249711833110110139257547251391112416121273131233113108741594319211228167932118841219113524743,1793726668761453561013*1221**72745759142*59***6194192259*449**2628892710*****91001854***10*6*523*66157996**259**19****11388206*6***1196116312995171146*178911307*341360*22**6391024620**
Switzerland,Refugees (incl. refugee-like situations),567584667211718564341662104217343191113110304217121013346526614372121149795262648312072211517126485714135750161934944652124319328113344452775458248651792344521055121017512112318541332072515132473635444029764111115949713143283346912353511503108443213953391213,8151774862132180842219629420264321411131122973169188128867254140711421607106309357214181121421715446601613317391637401545571243183221127414429755812627518829404511861211185119150186413420734140427742345457427777111363949669111327334401540421150599651915273391415,1228275092*152*9610325206085185446*14**15*122957167177125058228*35**15*162611034072951563*5**164191735257*7*28**3316874476*566124219307*12236413035744*6785*1753736501379**12208*19206*87****197491387297533254595259510**1656546638*18*2463539193656**556930553166933614*15
Switzerland,Stateless persons,66,62,49
Syrian Arab Rep.,Asylum-seekers,280153362226977105114241098241175551114723113183121352361316814150,32452111231512717673133232253894263953169,12***5**18341*6**20**61*22*6*136133
Syrian Arab Rep.,Internally displaced persons,6325978,6150005,6183920
Syrian Arab Rep.,Others of concern,13628,11213,7879
Syrian Arab Rep.,Refugees (incl. refugee-like situations),11861141628191951381687925527106135327742194379876740,12211114153523195145163252552414617321176219404110847123,1229****53523175246156991952412*186*11769193711068*7159
Syrian Arab Rep.,Returned IDPs,600000,597152,0
Syrian Arab Rep.,Returned refugees,0,77212,210947
Syrian Arab Rep.,Stateless persons,160000,160000,160000
Tajikistan,Asylum-seekers,431,440,315
Tajikistan,Refugees (incl. refugee-like situations),271142822,25163222,2649****
Tajikistan,Returned refugees,119,0,0
Tajikistan,Stateless persons,17002,10500,4616
Thailand,Asylum-seekers,19142531411222311222512882112017141032826312926485321031112344311752510,715129381152353772816811212153254234722164131113492144711,11**176*8145*4127137***29*11466***39*7***448*
Thailand,Others of concern,261,109,98
Thailand,Refugees (incl. refugee-like situations),54111611612765622922051101121381102633112182545321141156268532126419,88121791613316813215730541661211561999822112075413311412233275331450408,136*18615*2115713**63248*203***137*97603*101942377**12*2302766***68232
Thailand,Returned refugees,16716,0,0
Thailand,Stateless persons,487741,486440,478843
The former Yugoslav Republic of Macedonia,Asylum-seekers,1511112351,235113111,****5**
The former Yugoslav Republic of Macedonia,Refugees (incl. refugee-like situations),421161613,4121239415,******38117
The former Yugoslav Republic of Macedonia,Returned refugees,549,0,0
The former Yugoslav Republic of Macedonia,Stateless persons,600,590,571
Timor-Leste,Others of concern,11,11,**
Togo,Asylum-seekers,131554209788111216541122311851,13172349879121121316411132431199181,**140330108112**13**3513*****91219*
Togo,Refugees (incl. refugee-like situations),43282129952919648512817137111417,434919919927196955918137118,*3611793610729*97475918139*1727
Togo,Returned refugees,36555,3,*
Trinidad and Tobago,Asylum-seekers,21513863173835234,15614728522113112311321109,*786311852*75**21**169*25100*15**375**7660
Trinidad and Tobago,Others of concern,26,215,*1531843
Trinidad and Tobago,Refugees (incl. refugee-like situations),811331124136241311,210111410823219136210153347,*10*15154***16**6*9*57*497
Trinidad and Tobago,Returned refugees,2,0,0
Tunisia,Asylum-seekers,531111219,1111212111521,*6621710**44**12*6****1556***1532
Tunisia,Others of concern,3,1,8
Tunisia,Refugees (incl. refugee-like situations),15311773518113463211315045,13331733615129626291603,*7***85*5196**37626*5*927
Tunisia,Returned refugees,5,0,0
Turkey,Asylum-seekers,114693820252114821141922284158113172422186691854131372224626996783535371039302571067221666142816780137934741982026122431180151223430362533153127132073,157810221281115921513832070416113621242531002169131111114256151156571724051001531563676221580144775163456474411419142145416313126259132148761566424139,164913152133**169**19417166161492*39*253171842678131811**530489103640*9721*93*5275879731926110*583**23037571*1214815835375112*628372139*47066467609*59
Turkey,Refugees (incl. refugee-like situations),3423114211318115651451789282696630398322201134231231118105051043542693322394282398738592315081156,5603364611315115161451759512283083731935119013423153111811563114754274352219434242371861424151206161,6606*6*5*13106456559647310*87313908836*17513*271533**81051*122655266**222053622366*861315452081696
Turkey,Returned refugees,0,0,*
Turkey,Stateless persons,780,117,117
Turkmenistan,Others of concern,0,1,*
Turkmenistan,Refugees (incl. refugee-like situations),1971,1481,147*
Turkmenistan,Stateless persons,5744,3851,4714
Turks and Caicos Islands,Refugees (incl. refugee-like situations),13,131,**
Uganda,Asylum-seekers,23423411669273539441121221842576252362988529481223,22389416214100261289112122542677978745121824861223,2463*9607**614967520**9158934748694395*
Uganda,Others of concern,180000,180000,180000
Uganda,Refugees (incl. refugee-like situations),4101221220536344511200221944122011523125451306896390077512271,38245212261924566194421931222414282235552501110374127512331,3251823303092633731708**194**10220**1402428021118764788848*78820*
Uganda,Returned refugees,1562,2,*
Ukraine,Asylum-seekers,29091131517112643811321171473411014212553311123312322114211027211713615242519156042649221771919316117911051233115608262747328981183555,280892846711404391130931233421015192453011100511721113610326424861424231421642648221168181911641861063930625205638484046034762,29051128*427*158**3911279812539*10132122531***986123****321152682596148**2214246655*13****6518195168200115*8300*489564558375733388*
Ukraine,Internally displaced persons,1800000,1800000,1500000
Ukraine,Refugees (incl. refugee-like situations),14972719415761122533722113182049611258873101093182215210371334161513341446721471141555131,1410261921496226236820141620487112589131112928221529371504160513241483721651141605131,101324189116***23**5318**122848****85579*769*7**5918137**29*98**4577*207*12*30*47**
Ukraine,Returned refugees,0,5,6
Ukraine,Stateless persons,35363,35294,35650
United Arab Emirates,Asylum-seekers,1811235425013131652,1411111748222535143121185224,20*6*8556***40125820*33
United Arab Emirates,Others of concern,0,1423211,***69181413161110****
United Arab Emirates,Refugees (incl. refugee-like situations),627411115171192,58469762513817128211,5***108778*515*5***821287*5
United Kingdom,Asylum-seekers,2793722290554424518981573717201152872242127396117825046315311173176143515121366116423141197124179734414114528922736142182583101275281012218723161717719018213987232263107543921720112128291435926261148361462246106343148772405438116510101453173225404823017796342772682153510957776829361,2347602991434053582314816861813247361112477736120924136258221351201440695021494111742334813611510696481321231218728686416039226125111791591924990161401371115729389028616110298101117491113511275817233623822167285514155214814534746271173574973814532377003916313752371023119939976931248626287,24386641508*1075611155148311**17*2062**38**6952731891982321******725793271833**500***8026049113*16**11609271667327634205*13856*351951511*424*5011815191019****114*10171161375*8190190248*175535172112618**105*29**259*52192674170521*981613964622****68523943717*334374258183178522210211597484715616811828273
United Kingdom,Refugees (incl. refugee-like situations),975227222561814224797095105611533331713151428917910117732645591308144154341511373211453913720111229922452513031308912941161314215301214363368710364491123022967588212945136816580911482612482019953763738305106216200312320112681411135851148044450118103732673234029595412525541826948202581851358931681115904168142973818416775356162698790,985819524231815024794865117015432716031513386199911571220534110313014034131131132314651135901113878224827826313127131551161342216351216085419210358541132772867542215034175319580411671813092124836775543319126306220512324111720711183621148663484111129813279329281467010532572910041172912116439864182115611042691731101521796126453168718236,9839178261720*59**13450771363168*21131*14161171221010*14652236331091122*31**12***173379758130411116018*56831525813087**207*20*38***23396*172314708637670*192893486583*171313003225711*19816*371220197217656483292105562535***38*167742**30*81**5365*5711161658959105*31010239209044***57*9720411838101581531267*92121614452712641141625026175624167826772
United Kingdom,Stateless persons,64,97,125
United Rep. of Tanzania,Asylum-seekers,1558229155,2445519548169,1838221122155
United Rep. of Tanzania,Others of concern,162729604016,162729583616,12321667429
United Rep. of Tanzania,Refugees (incl. refugee-like situations),23085050324150174,25122756906150245,22135456561150257
United Rep. of Tanzania,Returned refugees,3541,1,0
United States of America,Asylum-seekers,784827133611516013618124376201015527334650185204912695515029834784227611237910557450856275310181219400221729237719104268234763148135403710144746324411212674101808019671020931164253345508214326142492451031138161081928423631302766801086611051187213734031091531395756858271212191456814417383263823118612510109132578384150251220025351222321582024033571992102411483134054331320415511577564739635182335559463850312516611113364185359402312137618013098013812915985771259729105282237684214240573,81011431636150232203282148756931818633886225230296115717691943816052713239116408161684141092405613241516700222244310081221255353259362741708245991697653655062196701811081469983122337903182348367144343321753905341518417317922339530326638694371459151820781558290514074621661851746999561041211545518651982204538350116361177920618823185844713136262548618154411687255173772709141416592588765733295079806747529036203029091429550606281715588133582184944654042351122720426461541821757411816141758811444360490829466768,765141617171502312456711*100365534202330364442542886192197020440573788*33071055413179665611157441428192709398*234861398*271255252561003333173024677137272375679*2531282171141581935112611836204268388484853766604173717073212203628489263158362647719095820458218093836143064*20719416273298510342016246282215221414*85596179574*9562591995368104299301729086852721551*67241153348429421457**76533129827733311689017887708836033230810100042366434*26155108*3057212530475415260721522833901742403766111618932481800571114091800419142783
United States of America,Refugees (incl. refugee-like situations),14661301738136591993322294704329010071085432451801261623401145941502197434297250713894085847130158035172406356115412507151131745112204480112761021642782440423703611247614252591924113287837128451848419252445151540060821311959038866582196108917533011215140411762369127151827111331322176616131191215175110583619913131100451349835131913167841331181558013812713419510343550310613181383361155491433123191187481248136444143636832725917460563891281268157331298315519264571381450942441163,156415715271395516633242987473297116312483524517910115374311359314312104242774476126339929391331426431704313561184028210179131948119265145112669987423124403938239912305150324915241497175210107341705518183448361553661301382069742867072087127013942913010837811792809127062019111431400176770971081191162310976619443133934513811545631913169071333081552814512312419413371546310793911382388155231876322971039791048337282143356042928315955544281331301181231210315402256455450654940441049,15992071516*59451639**1438678929951300162827747180100163444105709*41*21542*257771012334300123212473292*171611356*1542302112081471144131635725132649635*185244936411429*21461521231115221761098*1257832161921813796110*5648594713822832557884319871412148*331489739612523619128161924*111*15021469271712311911553120758*9833635944413717036721911*7053**372214501166*178*21*13401581311524821411406134922215222319182412868**799814309588363161935182112713115602270*1246311125927533250276064746916
Uruguay,Asylum-seekers,7111216305121131211219134221,201722319681321123111121312124116233,*66**8**19618314**********10*1712***627*228***51*
Uruguay,Others of concern,0,6157,11605
Uruguay,Refugees (incl. refugee-like situations),11312731351271111114155137112112360211141,11131283141127111111415513641121118361241151,9******9*149157**********5*176*12**26*61*51117*
Uruguay,Returned refugees,4,0,0
Uzbekistan,Refugees (incl. refugee-like situations),261,201,13*
Uzbekistan,Returned refugees,1,0,*
Uzbekistan,Stateless persons,86524,85555,79942
Vanuatu,Asylum-seekers,0,0,*
Venezuela (Bolivarian Republic of),Asylum-seekers,8822218,904,142
Venezuela (Bolivarian Republic of),Refugees (incl. refugee-like situations),1011014171920111112221718129371473313611,1011014122677111112221718129371473313611,10*10**67156**11*****718129*7**7****6**
Venezuela (Bolivarian Republic of),Returned refugees,154,0,*
Viet Nam,Stateless persons,11000,29522,34110
Yemen,Asylum-seekers,5143937539144161119201138450221,513360831712811611191621375149621,5**3817213*53**6***9227*43362406*
Yemen,Internally displaced persons,2025060,2014062,2144718
Yemen,Others of concern,1101,131101,**10
Yemen,Refugees (incl. refugee-like situations),2114311614025877333811211215796105255121324915,211431161370620533351121216252124255894328615,******1613896448*333012***619*119248955344615
Yemen,Returned IDPs,974058,125034,133600
Yemen,Returned refugees,2266,2,*
Zambia,Asylum-seekers,79713198316635361469611,11342884527171475551141,111017902116***645274*9*6**
Zambia,Others of concern,198004740,175724822,178664976
Zambia,Refugees (incl. refugee-like situations),1363721338217601619211110149637225955110567,3267349288186110715242217412217175,4483*4149072227*7*1275526*289183928716
Zambia,Returned refugees,1891,0,0
Zimbabwe,Asylum-seekers,1727522656,11712451414828059139839,*115**8*1963*98177994432812**
Zimbabwe,Others of concern,11231218131731218184511217128,144111240641121239992254137,47*587**1045*110
Zimbabwe,Refugees (incl. refugee-like situations),1631105925151961111721532471,1622106296135206812500519181,*608116489*1667*572*1287
Zimbabwe,Returned refugees,0,38,21
